Date,Time,Text,Social Profile
2025-11-03,09:00,"ğŸš€ Vous perdez du temps Ã  extraire manuellement les donnÃ©es de factures ?

Notre API OCR extrait automatiquement :
âœ… Montants (HT, TTC, TVA)
âœ… Dates & numÃ©ros
âœ… Vendeur & client

Trial gratuit : 100 req/mois
ğŸ‘‰ https://rapidapi.com/pmouniama/api/ocrfactureapi

#API #OCR #Automation #DevTools",Twitter
2025-11-03,10:00,"ğŸ’¡ Saviez-vous que traiter 100 factures manuellement prend environ 8 heures ?

Notre API OCR Facture rÃ©duit Ã§a Ã  quelques secondes.

ğŸ¯ Use case rÃ©el : Une startup fintech Ã©conomise 160h/mois (soit 2 ETP !) en automatisant l'extraction de donnÃ©es de factures.

FonctionnalitÃ©s :
â†’ Extraction automatique de TOUS les champs
â†’ ConformitÃ© franÃ§aise (TVA, SIREN/SIRET, Factur-X)
â†’ Multi-langues (FR, EN, DE, ES, IT, PT)
â†’ Export vers Sage, QuickBooks, Xero

Trial gratuit disponible sur RapidAPI : https://rapidapi.com/pmouniama/api/ocrfactureapi

#Automation #API #OCR #Fintech #Startup",LinkedIn
2025-11-04,12:00,"ğŸ’» IntÃ©gration en 3 lignes Python :

from ocr_facture_api import OCRFactureAPI
api = OCRFactureAPI('your_key')
result = api.extract_from_file('facture.pdf')

C'est tout ! ğŸ‰

https://rapidapi.com/pmouniama/api/ocrfactureapi

#Python #API #Developer",Twitter
2025-11-05,09:00,"ğŸ‡«ğŸ‡· API avec conformitÃ© franÃ§aise :

âœ“ Validation TVA
âœ“ SIREN/SIRET
âœ“ Factur-X EN16931
âœ“ API Sirene

ConformitÃ© garantie ğŸ”’

https://rapidapi.com/pmouniama/api/ocrfactureapi

#France #Compliance #API",Twitter
2025-11-05,10:00,"ğŸ‡«ğŸ‡· ConformitÃ© franÃ§aise : Un casse-tÃªte pour les dÃ©veloppeurs ?

Pas avec notre API OCR Facture !

Nous gÃ©rons AUTOMATIQUEMENT :

1ï¸âƒ£ Validation des taux de TVA franÃ§ais (20%, 10%, 5.5%, 2.1%)
2ï¸âƒ£ VÃ©rification SIREN/SIRET + enrichissement API Sirene
3ï¸âƒ£ Validation TVA intracommunautaire (VIES)
4ï¸âƒ£ GÃ©nÃ©ration Factur-X conforme EN16931

Cas d'usage :
â†’ Plateformes de gestion de dÃ©penses
â†’ Solutions comptables SaaS
â†’ ERPs franÃ§ais
â†’ Apps de facturation

Ã‰conomisez des semaines de dÃ©veloppement.

Trial gratuit : https://rapidapi.com/pmouniama/api/ocrfactureapi

#Compliance #France #API #Fintech #SaaS",LinkedIn
2025-11-06,17:00,"ğŸ“Š Stats du jour :

âš¡ <2s temps de traitement
âœ… 99.5% prÃ©cision OCR
ğŸŒ 6 langues supportÃ©es
ğŸ“„ 10K+ factures traitÃ©es

https://rapidapi.com/pmouniama/api/ocrfactureapi

#API #OCR #Stats",Twitter
2025-11-07,09:00,"ğŸ GRATUIT Ã  vie :

Plan Basic OCR Facture :
â†’ 100 requÃªtes/mois
â†’ Toutes les features de base
â†’ Support email
â†’ Aucune CB requise

https://rapidapi.com/pmouniama/api/ocrfactureapi

#Free #API #Developer",Twitter
2025-11-07,10:00,"ğŸ’° Quel est le VRAI coÃ»t de traiter vos factures manuellement ?

Exemple : Entreprise avec 200 factures/mois

Traitement manuel :
â†’ 5 min/facture = 16.7h
â†’ CoÃ»t (Ã  30â‚¬/h) : 501â‚¬/mois

Avec notre API :
â†’ Temps : 33 min (automatisÃ©)
â†’ CoÃ»t : 15â‚¬/mois
â†’ Ã‰conomie : 486â‚¬/mois = 5,832â‚¬/an

Sans compter :
âœ… RÃ©duction des erreurs
âœ… Traitement plus rapide
âœ… ScalabilitÃ© illimitÃ©e

Calculez VOTRE ROI : https://ocr-facture-api-production.up.railway.app/marketing/roi-calculator.html

#ROI #Automation #Business #Efficiency",LinkedIn
2025-11-08,12:00,"ğŸ› ï¸ IntÃ©grations no-code :

âœ… Zapier
âœ… Make (Integromat)
âœ… n8n
âœ… Pipedream

Automation sans coder ğŸ‰

https://rapidapi.com/pmouniama/api/ocrfactureapi

#NoCode #Integration #Automation",Twitter
2025-11-09,17:00,"ğŸ’¼ Export vers outils comptables :

âœ… Sage
âœ… QuickBooks
âœ… Xero
âœ… FEC (France)

En 1 clic. PrÃªt pour import. ğŸ¯

https://rapidapi.com/pmouniama/api/ocrfactureapi

#Accounting #Export",Twitter
2025-11-09,10:00,"ğŸ’¼ Vous utilisez Sage, QuickBooks ou Xero ?

Notre API OCR Facture exporte directement dans ces formats.

Comment Ã§a marche ?

1ï¸âƒ£ Uploadez votre facture
2ï¸âƒ£ Extraction automatique
3ï¸âƒ£ Export au format de votre logiciel
4ï¸âƒ£ Import en 1 clic

Formats supportÃ©s :
â†’ Sage : CSV natif
â†’ QuickBooks : IIF
â†’ Xero : CSV Xero-ready
â†’ FEC : Format franÃ§ais

Plus besoin de ressaisie ! Gain de temps : 70-90%

Vous utilisez un autre logiciel ? Dites-moi lequel ğŸ‘‡

https://rapidapi.com/pmouniama/api/ocrfactureapi

#ComptabilitÃ© #Sage #QuickBooks #Xero",LinkedIn
2025-11-10,09:00,"ğŸš€ Batch Processing :

Traitez 100 factures en une requÃªte :

results = api.batch_extract(files)

Simple. Rapide. Efficace. âš¡

https://rapidapi.com/pmouniama/api/ocrfactureapi

#API #BatchProcessing #Scale",Twitter
2025-11-11,12:00,"ğŸ¥ DEMO en direct :

Interface de dÃ©mo interactive :
â†’ Upload facture
â†’ Extraction temps rÃ©el
â†’ Export JSON/CSV

Essayez : https://ocr-facture-api-production.up.railway.app

#Demo #API #Interactive",Twitter
2025-11-11,10:00,"ğŸ’¬ TÃ©moignage : Comment une Startup Ã©conomise 160h/mois

Marc, CTO d'une startup fintech qui traite 800 factures/mois :

Avant :
âŒ 2 personnes temps plein
âŒ 8000â‚¬/mois
âŒ DÃ©lai 3-5 jours

AprÃ¨s (avec notre API) :
âœ… 100% automatisÃ©
âœ… 59â‚¬/mois
âœ… DÃ©lai <1h

ROI : 13,400% ğŸš€

""L'intÃ©gration a pris 2h. On aurait dÃ» le faire avant !""

Calculez votre ROI : https://ocr-facture-api-production.up.railway.app/marketing/roi-calculator.html

#CaseStudy #ROI #Automation",LinkedIn
2025-11-12,17:00,"ğŸ“± Support multi-formats :

âœ… JPEG, PNG
âœ… PDF (multi-pages)
âœ… Base64

Une API. Tous vos besoins. ğŸš€

https://rapidapi.com/pmouniama/api/ocrfactureapi

#API #Formats #Flexible",Twitter
2025-11-13,09:00,"â­ TÃ©moignage :

""Ã‰conomie de 160h/mois ! L'intÃ©gration a pris 2h. ROI immÃ©diat.""

- Marc, CTO @StartupFintech

Votre retour ? ğŸ‘‰ https://rapidapi.com/pmouniama/api/ocrfactureapi

#Testimonial #ROI",Twitter
2025-11-14,12:00,"ğŸ†š OCR Facture API vs DIY

Notre solution :
âœ… 2h d'intÃ©gration
âœ… $15/mois
âœ… Maintenance 0h

DIY :
âŒ 200h de dev
âŒ CoÃ»t cachÃ©
âŒ Maintenance continue

https://rapidapi.com/pmouniama/api/ocrfactureapi",Twitter
2025-11-14,10:00,"ğŸ¯ Comment choisir la bonne solution OCR ?

J'ai comparÃ© 10 solutions (Tesseract, AWS, Google Cloud, APIs tierces).

Conclusion :

âŒ Tesseract seul : Gratuit mais prÃ©cision moyenne
âŒ AWS Textract : Puissant mais setup complexe
âŒ Google Cloud : Performant mais pas de logique facture

âœ… API spÃ©cialisÃ©e : PrÃ©cision optimale + donnÃ©es structurÃ©es

Notre API combine :
â†’ ModÃ¨le entraÃ®nÃ© sur factures
â†’ Extraction structurÃ©e
â†’ ConformitÃ© franÃ§aise
â†’ Ã€ partir de $0/mois

Quel est votre plus gros challenge avec l'OCR ? ğŸ’¬

https://rapidapi.com/pmouniama/api/ocrfactureapi

#OCR #API #Comparison #Tech",LinkedIn
2025-11-15,17:00,"ğŸ¯ PrÃ©cision OCR :

Tesseract seul : ~85%
Notre API : 99.5%

La diffÃ©rence ? Un modÃ¨le entraÃ®nÃ© sur 10K+ factures rÃ©elles ğŸ§ 

https://rapidapi.com/pmouniama/api/ocrfactureapi

#OCR #Accuracy #AI",Twitter
2025-11-16,09:00,"ğŸŒ Support multi-langues :

ğŸ‡«ğŸ‡· FranÃ§ais
ğŸ‡¬ğŸ‡§ English
ğŸ‡©ğŸ‡ª Deutsch
ğŸ‡ªğŸ‡¸ EspaÃ±ol
ğŸ‡®ğŸ‡¹ Italiano
ğŸ‡µğŸ‡¹ PortuguÃªs

Une API. Toute l'Europe. ğŸš€

https://rapidapi.com/pmouniama/api/ocrfactureapi

#Multilingual #Europe #API",Twitter
2025-11-16,10:00,"ğŸ“š Nouveau tutoriel : Automatiser l'extraction de factures avec Python

Dans ce guide complet :

1. Installation du SDK en 1 commande
2. Extraction de votre premiÃ¨re facture
3. Traitement par lot (batch) de 100 factures
4. Export vers Excel/CSV
5. IntÃ©gration dans votre workflow

Code complet disponible sur GitHub.

Niveau : DÃ©butant Ã  IntermÃ©diaire
Temps : 15 minutes

https://rapidapi.com/pmouniama/api/ocrfactureapi

#Python #Tutorial #Automation #Developer",LinkedIn
2025-11-17,12:00,"ğŸ’° Calculez votre ROI :

Factures/mois : ___
Temps par facture : ___ min
Salaire horaire : ___ â‚¬

Calculateur : https://ocr-facture-api-production.up.railway.app/marketing/roi-calculator.html

Spoiler : Vous allez Ã©conomiser ğŸ’¸

#ROI #Calculator #Savings",Twitter
2025-11-18,09:00,"ğŸš€ Use Case #1 : Startup Expense Management

ProblÃ¨me : 500 factures/mois manuellement
Solution : Notre API + Airtable
RÃ©sultat : 95% automatisÃ©, 40h Ã©conomisÃ©es/mois

https://rapidapi.com/pmouniama/api/ocrfactureapi

#UseCase #Startup #Automation",Twitter
2025-11-18,10:00,"ğŸš€ Use case : Startup Expense Management automatise 500 factures/mois

Contexte :
â†’ Startup SaaS avec 50 employÃ©s
â†’ 500 notes de frais/mois
â†’ 2 personnes dÃ©diÃ©es au traitement

Solution avec notre API :
1ï¸âƒ£ Email avec facture â†’ Zapier trigger
2ï¸âƒ£ API OCR extrait donnÃ©es
3ï¸âƒ£ Envoi automatique vers Airtable
4ï¸âƒ£ Validation manager en 1 clic

RÃ©sultats :
âœ… 95% automatisÃ©
âœ… 40h/mois Ã©conomisÃ©es
âœ… 0 erreur de saisie
âœ… ROI : 800%

""On ne revient jamais en arriÃ¨re aprÃ¨s avoir automatisÃ© !"" - Sarah, CFO

Votre use case : https://rapidapi.com/pmouniama/api/ocrfactureapi

#CaseStudy #Automation #Fintech",LinkedIn
2025-11-19,17:00,"ğŸ“Š Batch Processing

Traitez 100 factures en une requÃªte :

```python
results = api.batch_extract(files)
```

Simple. Rapide. Efficace. âš¡

https://rapidapi.com/pmouniama/api/ocrfactureapi

#API #BatchProcessing #Scale",Twitter
2025-11-20,09:00,"ğŸ’¼ Compatible avec vos outils comptables :

âœ… Sage
âœ… QuickBooks
âœ… Xero
âœ… FEC (format franÃ§ais)

Export en 1 clic. PrÃªt pour import. ğŸ¯

https://rapidapi.com/pmouniama/api/ocrfactureapi

#Accounting #Export #Integration",Twitter
2025-11-21,12:00,"ğŸ‰ DEMO TIME

Interface de dÃ©mo interactive :
â†’ Upload facture
â†’ Extraction en temps rÃ©el
â†’ RÃ©sultats JSON structurÃ©s

Essayez : https://ocr-facture-api-production.up.railway.app

#Friday #Demo #API",Twitter
2025-11-21,10:00,"ğŸ“Š ROI rÃ©el : Combien Ã©conomisez-vous vraiment ?

Exemple concret avec 200 factures/mois :

ğŸ’° CoÃ»t manuel :
â†’ 5 min/facture
â†’ 16.7h totales
â†’ 30â‚¬/h = 501â‚¬/mois
â†’ + Erreurs Ã  corriger : ~100â‚¬/mois

ğŸ’° Avec notre API :
â†’ 10 sec/facture (automatisÃ©)
â†’ 33 min totales
â†’ CoÃ»t API : 15â‚¬/mois
â†’ 0 erreur

ğŸ“ˆ Ã‰conomie mensuelle : 586â‚¬
ğŸ“ˆ Ã‰conomie annuelle : 7,032â‚¬
ğŸ“ˆ ROI : 4,588%

Calculez VOTRE ROI : https://ocr-facture-api-production.up.railway.app/marketing/roi-calculator.html

#ROI #Savings #Automation",LinkedIn
2025-11-22,17:00,"ğŸ› ï¸ IntÃ©grations no-code :

âœ… Zapier
âœ… Make (Integromat)
âœ… n8n
âœ… Pipedream

Automation sans coder ğŸ‰

https://rapidapi.com/pmouniama/api/ocrfactureapi

#NoCode #Integration #Automation",Twitter
2025-11-23,09:00,"ğŸ“š Ressources du dimanche :

â†’ Documentation complÃ¨te
â†’ Exemples de code
â†’ Video tutorials
â†’ SDK Python & JavaScript

https://ocr-facture-api-production.up.railway.app/docs

Bon dimanche ! â˜•

#Resources #Documentation #Learning",Twitter
2025-11-24,09:00,"â“ Question du jour :

Combien de factures traitez-vous par mois ?

A) < 50
B) 50-200
C) 200-1000
D) 1000+

RÃ©pondez et on vous dit quel plan vous convient ğŸ‘‡

https://rapidapi.com/pmouniama/api/ocrfactureapi

#Poll #API",Twitter
2025-11-24,10:00,"ğŸ¯ Sondage : Quel est votre plus gros dÃ©fi avec les factures ?

Je dÃ©veloppe une API OCR pour automatiser l'extraction de donnÃ©es de factures.

ğŸ’¬ Dites-moi :

1ï¸âƒ£ Combien de factures traitez-vous par mois ?
2ï¸âƒ£ Combien de temps Ã§a vous prend ?
3ï¸âƒ£ Quel est votre plus gros pain point ?

Les rÃ©ponses m'aideront Ã  amÃ©liorer le produit !

Et en retour, je vous offre :
â†’ 1 mois gratuit sur plan Pro
â†’ Setup personnalisÃ©
â†’ Early access nouvelles features

Commentez ci-dessous ! ğŸ‘‡

https://rapidapi.com/pmouniama/api/ocrfactureapi

#ProductDevelopment #Feedback #Community",LinkedIn
2025-11-25,12:00,"ğŸ”¥ OFFRE LIMITÃ‰E :

Premier mois -20% avec code : FIRST20

Valable 7 jours uniquement !

https://rapidapi.com/pmouniama/api/ocrfactureapi/pricing

â° Ne ratez pas !

#Offer #Discount #LimitedTime",Twitter
2025-11-26,09:00,"ğŸ¥ Webinar GRATUIT :

""Automatiser vos factures : Best Practices""

ğŸ“… Vendredi 15h
ğŸ¯ 45 min + Q&A
ğŸ Checklist automation offerte

Inscrivez-vous : https://ocr-facture-api-production.up.railway.app/marketing/landing-page.html

#Webinar #Free #Learning",Twitter
2025-11-27,17:00,"ğŸš€ Use case #2 :

Agence web automatise facturation 50 clients

RÃ©sultat : -90% temps admin

Lire le case study : https://rapidapi.com/pmouniama/api/ocrfactureapi

#CaseStudy #Agency #Automation",Twitter
2025-11-27,10:00,"ğŸ“ Tutoriel : IntÃ©grer OCR dans votre app React

Guide complet pour ajouter l'extraction de factures dans votre application React en 30 minutes.

Ce que vous allez apprendre :
â†’ Setup du SDK JavaScript
â†’ Upload component avec drag & drop
â†’ Affichage rÃ©sultats en temps rÃ©el
â†’ Export vers CSV/JSON
â†’ Gestion erreurs

Code source complet sur GitHub.

Niveau : IntermÃ©diaire
Stack : React + Vite + notre API

https://rapidapi.com/pmouniama/api/ocrfactureapi

#React #JavaScript #Tutorial #Frontend",LinkedIn
2025-11-28,09:00,"ğŸ‰ VENDREDI INSPIRATION :

""La meilleure faÃ§on de prÃ©dire l'avenir est de l'automatiser.""

Commencez ce weekend : https://rapidapi.com/pmouniama/api/ocrfactureapi

#Friday #Inspiration #Automation",Twitter
2025-11-29,12:00,"ğŸ’» Code du weekend :

CrÃ©er un dashboard factures en 1h avec :
â†’ Notre API OCR
â†’ Next.js
â†’ Vercel

Tutorial complet : https://ocr-facture-api-production.up.railway.app/docs

#Weekend #Coding #Tutorial",Twitter
2025-11-30,09:00,"ğŸ“Š Stats de la semaine :

âœ… 150+ inscriptions
ğŸš€ 2500+ factures traitÃ©es
â­ 4.9/5 satisfaction

Merci ! ğŸ™

https://rapidapi.com/pmouniama/api/ocrfactureapi

#Stats #Community #Thanks",Twitter
2025-11-30,10:00,"ğŸ“Š Transparence : Nos mÃ©triques du mois

Je partage nos chiffres publiquement (Build in Public) :

ğŸ“ˆ Croissance :
â†’ 150 nouveaux utilisateurs
â†’ 50 clients payants
â†’ $1,200 MRR

ğŸ“Š Usage :
â†’ 2,500+ factures traitÃ©es
â†’ 99.5% prÃ©cision moyenne
â†’ <2s temps moyen

ğŸ’¬ Satisfaction :
â†’ 4.9/5 Ã©toiles
â†’ 0 churn ce mois
â†’ 3 features demandÃ©es implÃ©mentÃ©es

ğŸ¯ Prochains objectifs :
â†’ 300 utilisateurs (mois prochain)
â†’ Nouvelles intÃ©grations (Salesforce, HubSpot)
â†’ ML personnalisÃ©

Merci Ã  notre communautÃ© ! ğŸ™

Questions sur nos mÃ©triques ? ğŸ‘‡

https://rapidapi.com/pmouniama/api/ocrfactureapi

#BuildInPublic #Transparency #SaaS #Metrics",LinkedIn
2025-12-01,17:00,"ğŸ”” Rappel :

L'offre -20% expire DEMAIN !

Code : FIRST20

https://rapidapi.com/pmouniama/api/ocrfactureapi/pricing

â° DerniÃ¨re chance

#LastChance #Offer",Twitter
2025-12-02,09:00,"ğŸ¯ Challenge 30 jours terminÃ© !

On a partagÃ© :
â†’ Tutorials
â†’ Use cases
â†’ Tips & tricks
â†’ Success stories

Prochaines Ã©tapes :
â†’ Plus de content
â†’ Nouvelles features
â†’ Programme affiliation

Stay tuned ! ğŸš€

https://rapidapi.com/pmouniama/api/ocrfactureapi

#Challenge #Community",Twitter
2025-12-02,10:00,"ğŸŠ 30 jours de partage : Bilan et Merci !

Il y a 30 jours, j'ai lancÃ© ce challenge de partager quotidiennement sur notre API OCR Facture.

ğŸ“Š RÃ©sultats :
â†’ 30 posts publiÃ©s
â†’ 500+ nouveaux followers
â†’ 150+ inscriptions
â†’ 50+ clients payants
â†’ Dizaines de conversations enrichissantes

ğŸ’¡ Ce que j'ai appris :

1ï¸âƒ£ La transparence paie
2ï¸âƒ£ Le contenu Ã©ducatif convertit 3x mieux
3ï¸âƒ£ La communautÃ© est essentielle

ğŸš€ Prochaines Ã©tapes :
â†’ Nouvelles features (demandÃ©es par VOUS)
â†’ Programme affiliation (20% commission)
â†’ Plus de tutorials

Merci Ã  tous ! ğŸ™

Abonnez-vous pour la suite : https://ocr-facture-api-production.up.railway.app/marketing/landing-page.html

#Community #BuildInPublic #Journey #Thanks",LinkedIn
